product_sector_j,beta_j
A01,0.1187862944577616
RUP,0.000272110127529995
RMID,0.4032986668176642
ELEC_CIT,0.11508685503608211
TEQ,0.3625560735609621
