sector_j,E_j
A01,0.01315069415304136
RUP,0.01047273343234646
RMID,0.03272060258592911
ELEC_CIT,0.02125699941859575
TEQ,0.02647781577222631
