parameter,value
w,1.0
r,0.0233
K,6.905494237402578
L,0.09299740465307549
