sector_j,gamma_cj
A01,0.7438725652467526
RUP,0.8208092485549133
RMID,0.641533349453601
ELEC_CIT,0.08200194071259687
TEQ,0.5439885814935164
