sector_j,E_j
D01,11935754.511652157
D02,480709.9849868582
D03,135712018.1737729
D04,324845257.4309892
D05,40431979.08416514
