parameter,value
w,1.0
r,1.0
K,360459878.2527829
L,936261023.4679708
