{
  "config": {
    "name": "grad_simultaneous_trigger",
    "rounds": 10,
    "theta_price": 0.1,
    "normalize_gap_by_supply": true,
    "decision_interval": 50,
    "lookahead_periods": 5,
    "warmup_periods": 1000,
    "trigger_settle_periods": 0,
    "trigger": {
      "country": "F",
      "tariff": {
        "4": 0.5
      },
      "quota": {}
    },
    "opt": {
      "optimizer": "Adam",
      "learning_rate": 0.01,
      "iterations": 200
    },
    "constraints": {
      "active_sectors": [
        2,
        3
      ],
      "reciprocal_coeff": 0.0,
      "max_tariff": 1.0,
      "min_quota": 0.0
    },
    "objective": {
      "type": "standard",
      "weights": [
        1.0,
        1.0,
        1.0
      ]
    }
  },
  "policies": [
    {
      "round": 1,
      "prev": {
        "H": {
          "tariff": {
            "2": -9.99998999939855e-07,
            "3": -9.99998999939855e-07
          },
          "quota": {
            "2": 1.0,
            "3": 1.0
          }
        },
        "F": {
          "tariff": {
            "2": -9.99998999939855e-07,
            "3": -9.99998999939855e-07
          },
          "quota": {
            "2": 1.0,
            "3": 1.0
          }
        }
      },
      "decision": {
        "H": {
          "tariff": {
            "2": 0.2853648709664452,
            "3": 0.19777155783290415
          },
          "quota": {
            "2": 1.0,
            "3": 1.0
          }
        },
        "F": {
          "tariff": {
            "2": 0.24612173029652631,
            "3": 0.18767207390365012
          },
          "quota": {
            "2": 1.0,
            "3": 1.0
          }
        }
      },
      "predicted": {
        "J_H_pred": -7.7377996007516225e+31,
        "J_F_pred": -2.1791122339640348e+30,
        "multi_start": 8,
        "best_idx": 2
      },
      "opt_time_s": 36.119978378999804,
      "payoff": {
        "H": -0.08908614144719959,
        "F": -0.11242001617472859
      },
      "metrics": {
        "income_H": 0.00031332753262680997,
        "trade_balance_H": -1.450012180140551e-07,
        "price_mean_H": 2.1020532083756898,
        "income_F": 0.00030527242827375743,
        "trade_balance_F": -7.029578680857451e-07,
        "price_mean_F": 2.180646665726229
      }
    },
    {
      "round": 2,
      "prev": {
        "H": {
          "tariff": {
            "2": 0.28536358560285957,
            "3": 0.19777036006254423
          },
          "quota": {
            "2": 1.0,
            "3": 1.0
          }
        },
        "F": {
          "tariff": {
            "2": 0.24612048417604226,
            "3": 0.18767088623276407
          },
          "quota": {
            "2": 1.0,
            "3": 1.0
          }
        }
      },
      "decision": {
        "H": {
          "tariff": {
            "2": 0.7346257047809872,
            "3": 0.7861082801403416
          },
          "quota": {
            "2": 1.0,
            "3": 1.0
          }
        },
        "F": {
          "tariff": {
            "2": 0.666043927127158,
            "3": 0.6733189284817143
          },
          "quota": {
            "2": 1.0,
            "3": 1.0
          }
        }
      },
      "predicted": {
        "J_H_pred": -2.3204048604676844e+25,
        "J_F_pred": -9.114695739445273e+21,
        "multi_start": 8,
        "best_idx": 3
      },
      "opt_time_s": 34.80331703000047,
      "payoff": {
        "H": -0.16015934603055376,
        "F": -0.14073025777885576
      },
      "metrics": {
        "income_H": 0.0002958974635590585,
        "trade_balance_H": -1.8546369372583913e-07,
        "price_mean_H": 2.6683687083144285,
        "income_F": 0.00029670303195389596,
        "trade_balance_F": -1.4089537132020475e-07,
        "price_mean_F": 2.749204334110139
      }
    },
    {
      "round": 3,
      "prev": {
        "H": {
          "tariff": {
            "2": 0.7346239701570172,
            "3": 0.7861064940338478
          },
          "quota": {
            "2": 1.0,
            "3": 1.0
          }
        },
        "F": {
          "tariff": {
            "2": 0.6660422610848968,
            "3": 0.6733172551644593
          },
          "quota": {
            "2": 1.0,
            "3": 1.0
          }
        }
      },
      "decision": {
        "H": {
          "tariff": {
            "2": 0.5513184963417013,
            "3": 0.5233661965082725
          },
          "quota": {
            "2": 1.0,
            "3": 1.0
          }
        },
        "F": {
          "tariff": {
            "2": 0.9428818363791499,
            "3": 0.9268799937844208
          },
          "quota": {
            "2": 1.0,
            "3": 1.0
          }
        }
      },
      "predicted": {
        "J_H_pred": -3.9446182490589245e+18,
        "J_F_pred": -9450837166567892.0,
        "multi_start": 8,
        "best_idx": 5
      },
      "opt_time_s": 34.98046010300095,
      "payoff": {
        "H": 0.0021437374862697915,
        "F": 0.008804975955559548
      },
      "metrics": {
        "income_H": 0.000312970361489187,
        "trade_balance_H": -2.743072805555564e-07,
        "price_mean_H": 2.903212078242357,
        "income_F": 0.0003209404935013236,
        "trade_balance_F": -1.5256872414777895e-07,
        "price_mean_F": 3.1089649444864307
      }
    },
    {
      "round": 4,
      "prev": {
        "H": {
          "tariff": {
            "2": 0.5513169450247564,
            "3": 0.5233646731435995
          },
          "quota": {
            "2": 1.0,
            "3": 1.0
          }
        },
        "F": {
          "tariff": {
            "2": 0.9428798934992564,
            "3": 0.9268780669063541
          },
          "quota": {
            "2": 1.0,
            "3": 1.0
          }
        }
      },
      "decision": {
        "H": {
          "tariff": {
            "2": 0.6012840452864096,
            "3": 0.6117121163251691
          },
          "quota": {
            "2": 1.0,
            "3": 1.0
          }
        },
        "F": {
          "tariff": {
            "2": 0.9211773192303182,
            "3": 0.9308322959269708
          },
          "quota": {
            "2": 1.0,
            "3": 1.0
          }
        }
      },
      "predicted": {
        "J_H_pred": -2.0154929971065925e+18,
        "J_F_pred": -58255629373010.14,
        "multi_start": 8,
        "best_idx": 2
      },
      "opt_time_s": 34.87835974200061,
      "payoff": {
        "H": 0.001676661977859156,
        "F": 0.0009472093996413626
      },
      "metrics": {
        "income_H": 0.0003227024058172038,
        "trade_balance_H": -2.6775030063299527e-07,
        "price_mean_H": 3.0417593717168336,
        "income_F": 0.00033016217539588613,
        "trade_balance_F": -1.590957207734957e-07,
        "price_mean_F": 3.245263111418915
      }
    },
    {
      "round": 5,
      "prev": {
        "H": {
          "tariff": {
            "2": 0.6012824440039655,
            "3": 0.6117105046146647
          },
          "quota": {
            "2": 1.0,
            "3": 1.0
          }
        },
        "F": {
          "tariff": {
            "2": 0.9211753980549204,
            "3": 0.9308303650966059
          },
          "quota": {
            "2": 1.0,
            "3": 1.0
          }
        }
      },
      "decision": {
        "H": {
          "tariff": {
            "2": 0.6056358859487438,
            "3": 0.5930492507352552
          },
          "quota": {
            "2": 1.0,
            "3": 1.0
          }
        },
        "F": {
          "tariff": {
            "2": 0.934111746122862,
            "3": 0.9236178227820928
          },
          "quota": {
            "2": 1.0,
            "3": 1.0
          }
        }
      },
      "predicted": {
        "J_H_pred": -1.4123519705507206e+17,
        "J_F_pred": -22531378666653.26,
        "multi_start": 8,
        "best_idx": 5
      },