product_sector_j,beta_j
D01,0.5372556207761483
D02,0.0
D03,0.1695747508882455
D04,0.08508485877458026
D05,0.2080847695610259
