product_sector_j,theta_cj
D01,0.9711286297795733
D02,
D03,0.8230446155638836
D04,0.9598808563677684
D05,0.8471380605102053
