{
  "config": {
    "name": "grad_simultaneous_trigger",
    "rounds": 10,
    "theta_price": 0.1,
    "normalize_gap_by_supply": true,
    "decision_interval": 10,
    "lookahead_periods": 12,
    "warmup_periods": 1000,
    "trigger_settle_periods": 0,
    "trigger": {
      "country": "H",
      "tariff": {
        "4": 0.5
      },
      "quota": {}
    },
    "opt": {
      "optimizer": "Adam",
      "learning_rate": 0.01,
      "iterations": 200
    },
    "constraints": {
      "active_sectors": [
        2,
        3
      ],
      "reciprocal_coeff": 0.0,
      "max_tariff": 1.0,
      "min_quota": 0.0
    },
    "objective": {
      "type": "standard",
      "weights": [
        1.0,
        1.0,
        1.0
      ]
    }
  },
  "policies": [
    {
      "round": 1,
      "prev": {
        "H": {
          "tariff": {
            "2": -9.99998999939855e-07,
            "3": -9.99998999939855e-07
          },
          "quota": {
            "2": 1.0,
            "3": 1.0
          }
        },
        "F": {
          "tariff": {
            "2": -9.99998999939855e-07,
            "3": -9.99998999939855e-07
          },
          "quota": {
            "2": 1.0,
            "3": 1.0
          }
        }
      },
      "decision": {
        "H": {
          "tariff": {
            "2": 0.0,
            "3": 0.0
          },
          "quota": {
            "2": 0.6110938764559806,
            "3": 0.5889883194926102
          }
        },
        "F": {
          "tariff": {
            "2": 0.0,
            "3": 0.0
          },
          "quota": {
            "2": 0.0,
            "3": 0.0
          }
        }
      },
      "predicted": {
        "J_H_pred": -51172008.51070321,
        "J_F_pred": -45291852.934937514
      },
      "opt_time_s": 149.87129030001233,
      "payoff": {
        "H": -0.0072183904765201045,
        "F": -0.012760359197535445
      },
      "metrics": {
        "income_H": 0.000327459403403812,
        "trade_balance_H": -1.09344478111268e-06,
        "price_mean_H": 1.8825793588080957,
        "income_F": 0.0003194638440439864,
        "trade_balance_F": -3.276930400667263e-07,
        "price_mean_F": 1.85625598662711
      }
    },
    {
      "round": 2,
      "prev": {
        "H": {
          "tariff": {
            "2": -9.99998999939855e-07,
            "3": -9.99998999939855e-07
          },
          "quota": {
            "2": 0.6110938764559806,
            "3": 0.5889883194926102
          }
        },
        "F": {
          "tariff": {
            "2": -9.99998999939855e-07,
            "3": -9.99998999939855e-07
          },
          "quota": {
            "2": 0.0,
            "3": 0.0
          }
        }
      },
      "decision": {
        "H": {
          "tariff": {
            "2": 0.17401523557057597,
            "3": 0.1719129767540889
          },
          "quota": {
            "2": 0.33304799202221286,
            "3": 0.34228008544686106
          }
        },
        "F": {
          "tariff": {
            "2": 0.0,
            "3": 0.0
          },
          "quota": {
            "2": 0.6517595903792673,
            "3": 0.6414174260535915
          }
        }
      },
      "predicted": {
        "J_H_pred": -56090999.85853635,
        "J_F_pred": -44899826.406008795
      },
      "opt_time_s": 146.34733306600538,
      "payoff": {
        "H": -0.02102751163856853,
        "F": -0.026749286810025783
      },
      "metrics": {
        "income_H": 0.000318607897359204,
        "trade_balance_H": -1.342659280452786e-06,
        "price_mean_H": 1.922703661790461,
        "income_F": 0.00030593738021519786,
        "trade_balance_F": 8.881020573475742e-07,
        "price_mean_F": 1.869874476960083
      }
    },
    {
      "round": 3,
      "prev": {
        "H": {
          "tariff": {
            "2": 0.17401406155651444,
            "3": 0.1719118048422843
          },
          "quota": {
            "2": 0.33304799202221286,
            "3": 0.34228008544686106
          }
        },
        "F": {
          "tariff": {
            "2": -9.99998999939855e-07,
            "3": -9.99998999939855e-07
          },
          "quota": {
            "2": 0.6517595903792673,
            "3": 0.6414174260535915
          }
        }
      },
      "decision": {
        "H": {
          "tariff": {
            "2": 0.0,
            "3": 0.0
          },
          "quota": {
            "2": 0.9096219710235633,
            "3": 0.8950603669481287
          }
        },
        "F": {
          "tariff": {
            "2": 0.0,
            "3": 0.0
          },
          "quota": {
            "2": 0.5140700646553948,
            "3": 0.5089565584764568
          }
        }
      },
      "predicted": {
        "J_H_pred": -52246953.57716676,
        "J_F_pred": -42320760.451971404
      },
      "opt_time_s": 143.4918049100088,
      "payoff": {
        "H": -0.01188775521403949,
        "F": -0.014711744822975785
      },
      "metrics": {
        "income_H": 0.0003159496199727747,
        "trade_balance_H": -1.1212843124697378e-06,
        "price_mean_H": 1.9434443612866208,
        "income_F": 0.00030341330469336395,
        "trade_balance_F": 6.14089611252522e-07,
        "price_mean_F": 1.8893544286492878
      }
    },
    {
      "round": 4,
      "prev": {
        "H": {
          "tariff": {
            "2": -9.99998999939855e-07,
            "3": -9.99998999939855e-07
          },
          "quota": {
            "2": 0.9096219710235633,
            "3": 0.8950603669481287
          }
        },
        "F": {
          "tariff": {
            "2": -9.99998999939855e-07,
            "3": -9.99998999939855e-07
          },
          "quota": {
            "2": 0.5140700646553948,
            "3": 0.5089565584764568
          }
        }
      },
      "decision": {
        "H": {
          "tariff": {
            "2": 0.0,
            "3": 0.0
          },
          "quota": {
            "2": 0.9682186514228738,
            "3": 0.9724659664775407
          }
        },
        "F": {
          "tariff": {
            "2": 0.0,
            "3": 0.0
          },
          "quota": {
            "2": 0.7348368617514204,
            "3": 0.7379677950647074
          }
        }
      },
      "predicted": {
        "J_H_pred": -52094008.926127404,
        "J_F_pred": -42835040.688364685
      },
      "opt_time_s": 143.5623215559899,
      "payoff": {
        "H": -0.006413126411136902,
        "F": -0.0029502210009238203
      },
      "metrics": {
        "income_H": 0.00031629411274083496,
        "trade_balance_H": -1.0811991594322663e-06,
        "price_mean_H": 1.9642546897895217,
        "income_F": 0.0003054758706670981,
        "trade_balance_F": 4.5382609177416153e-07,
        "price_mean_F": 1.9089565402611977
      }
    },
    {
      "round": 5,
      "prev": {
        "H": {
          "tariff": {
            "2": -9.99998999939855e-07,
            "3": -9.99998999939855e-07
          },
          "quota": {
            "2": 0.9682186514228738,
            "3": 0.9724659664775407
          }
        },
        "F": {
          "tariff": {
            "2": -9.99998999939855e-07,
            "3": -9.99998999939855e-07
          },
          "quota": {
            "2": 0.7348368617514204,
            "3": 0.7379677950647074
          }
        }
      },
      "decision": {
        "H": {
          "tariff": {
            "2": 0.0,
            "3": 0.0
          },
          "quota": {
            "2": 0.9256067656390444,
            "3": 0.9182378179859292
          }
        },
        "F": {
          "tariff": {
            "2": 0.0,
            "3": 0.0
          },
          "quota": {
            "2": 0.6684558168249851,
            "3": 0.6610379506973422
          }
        }
      },
      "predicted": {
        "J_H_pred": -50999374.2898467,
        "J_F_pred": -42475418.46655916
      },
      "opt_time_s": 151.41900578800414,