product_sector_j,beta_j
D01,0.1187862944577616
D02,0.000272110127529995
D03,0.4032986668176642
D04,0.11508685503608211
D05,0.3625560735609621
