product_sector_j,theta_cj
D01,0.7438725652467526
D02,0.8208092485549133
D03,0.641533349453601
D04,0.08200194071259687
D05,0.5439885814935164
