{
  "config": {
    "name": "search_simultaneous_trigger",
    "rounds": 10,
    "theta_price": 0.1,
    "normalize_gap_by_supply": true,
    "decision_interval": 10,
    "lookahead_periods": 15,
    "warmup_periods": 1000,
    "trigger_settle_periods": 0,
    "trigger": {
      "country": "H",
      "tariff": {
        "4": 0.5
      },
      "quota": {}
    },
    "opt": {
      "optimizer": "Adam",
      "learning_rate": 0.01,
      "iterations": 200,
      "multi_start": 8,
      "start_strategy": "noisy_current",
      "start_noise": 0.05,
      "seed": 42,
      "select": "sum"
    },
    "constraints": {
      "active_sectors": [
        2,
        3
      ],
      "reciprocal_coeff": 0.0,
      "max_tariff": 1.0,
      "min_quota": 0.0
    },
    "objective": {
      "type": "standard",
      "weights": [
        1.0,
        1.0,
        1.0
      ]
    }
  },
  "policies": [
    {
      "round": 1,
      "prev": {
        "H": {
          "tariff": {
            "2": -9.99998999939855e-07,
            "3": -9.99998999939855e-07
          },
          "quota": {
            "2": 1.0,
            "3": 1.0
          }
        },
        "F": {
          "tariff": {
            "2": -9.99998999939855e-07,
            "3": -9.99998999939855e-07
          },
          "quota": {
            "2": 1.0,
            "3": 1.0
          }
        }
      },
      "decision": {
        "H": {
          "tariff": {
            "2": 0.021108333072872063,
            "3": 0.0
          },
          "quota": {
            "2": 1.0,
            "3": 1.0
          }
        },
        "F": {
          "tariff": {
            "2": 0.05547020946060291,
            "3": 0.0
          },
          "quota": {
            "2": 1.0,
            "3": 1.0
          }
        }
      },
      "predicted": {
        "J_H_pred": -0.018634631896268607,
        "J_F_pred": -0.006199304982926243,
        "samples": 200
      },
      "opt_time_s": 9.258177019000868,
      "payoff": {
        "H": -0.019680470052157804,
        "F": -0.006772043782974012
      },
      "metrics": {
        "income_H": 0.00022818083147712088,
        "trade_balance_H": 3.473784872514924e-07,
        "price_mean_H": 2.24174008242986,
        "income_F": 0.0002295873676757649,
        "trade_balance_F": 3.1961246837192814e-07,
        "price_mean_F": 2.2116186032995717
      }
    },
    {
      "round": 2,
      "prev": {
        "H": {
          "tariff": {
            "2": 0.02110731196556026,
            "3": -9.99998999939855e-07
          },
          "quota": {
            "2": 1.0,
            "3": 1.0
          }
        },
        "F": {
          "tariff": {
            "2": 0.05546915399144914,
            "3": -9.99998999939855e-07
          },
          "quota": {
            "2": 1.0,
            "3": 1.0
          }
        }
      },
      "decision": {
        "H": {
          "tariff": {
            "2": 0.04109602330173209,
            "3": 0.0
          },
          "quota": {
            "2": 1.0,
            "3": 1.0
          }
        },
        "F": {
          "tariff": {
            "2": 0.008788269990955284,
            "3": 0.0
          },
          "quota": {
            "2": 1.0,
            "3": 1.0
          }
        }
      },
      "predicted": {
        "J_H_pred": 0.002813694043233189,
        "J_F_pred": -0.002231440544568813,
        "samples": 200
      },
      "opt_time_s": 9.42654072300138,
      "payoff": {
        "H": 0.0011245439895896823,
        "F": -0.003105781901493506
      },
      "metrics": {
        "income_H": 0.00023172016618596073,
        "trade_balance_H": 3.5225174006189763e-07,
        "price_mean_H": 2.269299718898553,
        "income_F": 0.00023071832173511003,
        "trade_balance_F": 3.125955356357234e-07,
        "price_mean_F": 2.218641727320312
      }
    },
    {
      "round": 3,
      "prev": {
        "H": {
          "tariff": {
            "2": 0.0410949822067499,
            "3": -9.99998999939855e-07
          },
          "quota": {
            "2": 1.0,
            "3": 1.0
          }
        },
        "F": {
          "tariff": {
            "2": 0.00878726120369433,
            "3": -9.99998999939855e-07
          },
          "quota": {
            "2": 1.0,
            "3": 1.0
          }
        }
      },
      "decision": {
        "H": {
          "tariff": {
            "2": 0.07753069391046719,
            "3": 0.0
          },
          "quota": {
            "2": 1.0,
            "3": 1.0
          }
        },
        "F": {
          "tariff": {
            "2": 0.0,
            "3": 0.0043242770970731495
          },
          "quota": {
            "2": 1.0,
            "3": 1.0
          }
        }
      },
      "predicted": {
        "J_H_pred": 0.0009371991699735028,
        "J_F_pred": -0.002842106241733116,
        "samples": 200
      },
      "opt_time_s": 9.350694433000172,
      "payoff": {
        "H": -0.0002775793347876126,
        "F": -0.0033110681151161114
      },
      "metrics": {
        "income_H": 0.0002344319268773144,
        "trade_balance_H": 3.3536054806209835e-07,
        "price_mean_H": 2.2919522203647302,
        "income_F": 0.0002316809020454613,
        "trade_balance_F": 2.9748601086965463e-07,
        "price_mean_F": 2.22677076569599
      }
    },
    {
      "round": 4,
      "prev": {
        "H": {
          "tariff": {
            "2": 0.07752961638085099,
            "3": -9.99998999939855e-07
          },
          "quota": {
            "2": 1.0,
            "3": 1.0
          }
        },
        "F": {
          "tariff": {
            "2": -9.99998999939855e-07,
            "3": 0.004323272773800291
          },
          "quota": {
            "2": 1.0,
            "3": 1.0
          }
        }
      },
      "decision": {
        "H": {
          "tariff": {
            "2": 0.09751832771702282,
            "3": 0.0
          },
          "quota": {
            "2": 1.0,
            "3": 1.0
          }
        },
        "F": {
          "tariff": {
            "2": 0.0,
            "3": 0.0
          },
          "quota": {
            "2": 1.0,
            "3": 1.0
          }
        }
      },
      "predicted": {
        "J_H_pred": -0.0006827796056091766,
        "J_F_pred": -0.0027032251539261592,
        "samples": 200
      },
      "opt_time_s": 9.382939242001157,
      "payoff": {
        "H": -0.0016964100571254673,
        "F": -0.003134681829072296
      },
      "metrics": {
        "income_H": 0.00023647557014382943,
        "trade_balance_H": 3.2959368399440423e-07,
        "price_mean_H": 2.3102210166374513,
        "income_F": 0.00023263356826772752,
        "trade_balance_F": 2.8665066984591553e-07,
        "price_mean_F": 2.2348396673001325
      }
    },
    {
      "round": 5,
      "prev": {
        "H": {
          "tariff": {
            "2": 0.09751723019979264,
            "3": -9.99998999939855e-07
          },
          "quota": {
            "2": 1.0,
            "3": 1.0
          }
        },
        "F": {
          "tariff": {
            "2": -9.99998999939855e-07,
            "3": -9.99998999939855e-07
          },
          "quota": {
            "2": 1.0,
            "3": 1.0
          }
        }
      },
      "decision": {
        "H": {
          "tariff": {
            "2": 0.06670257579018724,
            "3": 0.0
          },
          "quota": {
            "2": 1.0,
            "3": 1.0
          }
        },
        "F": {
          "tariff": {
            "2": 0.016138873205662468,
            "3": 0.0
          },
          "quota": {
            "2": 1.0,
            "3": 1.0
          }
        }
      },
      "predicted": {
        "J_H_pred": -0.0030604827909560778,
        "J_F_pred": -0.0019301481229346768,
        "samples": 200
      },
      "opt_time_s": 9.596601990000636,
      "payoff": {
        "H": -0.0035504895828186037,
        "F": -0.002422469138484846
      },