product_sector_j,beta_j
A01,0.47433113066944455
RUP,0.0
RMID,0.0
ELEC_CIT,0.16616657920724454
TEQ,0.3595022901233109
