sector_j,Export_base_j
A01,0.00981717393781623
RUP,0.007875836771215611
RMID,0.0116432905046542
ELEC_CIT,0.07982676603053397
TEQ,0.01688979625151234
