parameter,value
w,1.0
r,0.036222
K,3.3704612151141617
L,0.1643483900131659
