sector_j,gamma_cj
A01,0.969715867458908
RUP,0.999999
RMID,0.999999
ELEC_CIT,0.9515672650139847
TEQ,0.8447768287577551
