product_sector_j,theta_cj
A01,0.969715867458908
RUP,1.0
RMID,1.0
ELEC_CIT,0.9515672650139847
TEQ,0.8447768287577551
