{
  "config": {
    "name": "grad_simultaneous_trigger",
    "rounds": 10,
    "theta_price": 0.1,
    "normalize_gap_by_supply": true,
    "decision_interval": 50,
    "lookahead_periods": 5,
    "warmup_periods": 1000,
    "trigger_settle_periods": 0,
    "trigger": {
      "country": "H",
      "tariff": {
        "4": 0.5
      },
      "quota": {}
    },
    "opt": {
      "optimizer": "Adam",
      "learning_rate": 0.01,
      "iterations": 200
    },
    "constraints": {
      "active_sectors": [
        2,
        3
      ],
      "reciprocal_coeff": 0.0,
      "max_tariff": 1.0,
      "min_quota": 0.0
    },
    "objective": {
      "type": "standard",
      "weights": [
        1.0,
        1.0,
        1.0
      ]
    }
  },
  "policies": [
    {
      "round": 1,
      "prev": {
        "H": {
          "tariff": {
            "2": -9.99998999939855e-07,
            "3": -9.99998999939855e-07
          },
          "quota": {
            "2": 1.0,
            "3": 1.0
          }
        },
        "F": {
          "tariff": {
            "2": -9.99998999939855e-07,
            "3": -9.99998999939855e-07
          },
          "quota": {
            "2": 1.0,
            "3": 1.0
          }
        }
      },
      "decision": {
        "H": {
          "tariff": {
            "2": 0.8972950524884692,
            "3": 0.8952023028062996
          },
          "quota": {
            "2": 1.0,
            "3": 1.0
          }
        },
        "F": {
          "tariff": {
            "2": 0.6033597947487618,
            "3": 0.6010052368526393
          },
          "quota": {
            "2": 1.0,
            "3": 1.0
          }
        }
      },
      "predicted": {
        "J_H_pred": -235.83131071653915,
        "J_F_pred": -255.8199963409605,
        "multi_start": 8,
        "best_idx": 3
      },
      "opt_time_s": 40.674252878001425,
      "payoff": {
        "H": -0.4078174399900124,
        "F": -0.34367533332866407
      },
      "metrics": {
        "income_H": 0.00023119458303923408,
        "trade_balance_H": 5.512051586259474e-08,
        "price_mean_H": 2.821695226774546,
        "income_F": 0.00023673520582876426,
        "trade_balance_F": 1.6569399357320718e-07,
        "price_mean_F": 2.6280783620653057
      }
    },
    {
      "round": 2,
      "prev": {
        "H": {
          "tariff": {
            "2": 0.8972931551953143,
            "3": 0.8952004076058921
          },
          "quota": {
            "2": 1.0,
            "3": 1.0
          }
        },
        "F": {
          "tariff": {
            "2": 0.6033581913905703,
            "3": 0.6010036358490036
          },
          "quota": {
            "2": 1.0,
            "3": 1.0
          }
        }
      },
      "decision": {
        "H": {
          "tariff": {
            "2": 0.3522641261508553,
            "3": 0.3536444199646544
          },
          "quota": {
            "2": 1.0,
            "3": 1.0
          }
        },
        "F": {
          "tariff": {
            "2": 0.3995552200843908,
            "3": 0.40266127850137456
          },
          "quota": {
            "2": 1.0,
            "3": 1.0
          }
        }
      },
      "predicted": {
        "J_H_pred": -209.05867108689526,
        "J_F_pred": -256.47883766381784,
        "multi_start": 8,
        "best_idx": 6
      },
      "opt_time_s": 41.24437500599015,
      "payoff": {
        "H": -0.0034687659023744447,
        "F": -0.018187999920272098
      },
      "metrics": {
        "income_H": 0.0002487090209321602,
        "trade_balance_H": 5.574352621858265e-10,
        "price_mean_H": 3.2075732554447973,
        "income_F": 0.00025331073285430515,
        "trade_balance_F": 5.710359691221587e-07,
        "price_mean_F": 3.0717796824649763
      }
    },
    {
      "round": 3,
      "prev": {
        "H": {
          "tariff": {
            "2": 0.35226277388808147,
            "3": 0.35364306632158815
          },
          "quota": {
            "2": 1.0,
            "3": 1.0
          }
        },
        "F": {
          "tariff": {
            "2": 0.3995538205305704,
            "3": 0.40265987584149876
          },
          "quota": {
            "2": 1.0,
            "3": 1.0
          }
        }
      },
      "decision": {
        "H": {
          "tariff": {
            "2": 0.5816457251975704,
            "3": 0.5802661284525197
          },
          "quota": {
            "2": 1.0,
            "3": 1.0
          }
        },
        "F": {
          "tariff": {
            "2": 0.666362909783103,
            "3": 0.6640017403815414
          },
          "quota": {
            "2": 1.0,
            "3": 1.0
          }
        }
      },
      "predicted": {
        "J_H_pred": -238.1456602601837,
        "J_F_pred": -256.7958554064472,
        "multi_start": 8,
        "best_idx": 2
      },
      "opt_time_s": 39.63652290000755,
      "payoff": {
        "H": 0.00864339770640769,
        "F": 0.03901647696372823
      },
      "metrics": {
        "income_H": 0.0002662399748629599,
        "trade_balance_H": 5.610534687642742e-08,
        "price_mean_H": 3.535687464023308,
        "income_F": 0.0002791768432411725,
        "trade_balance_F": 2.407035654996082e-07,
        "price_mean_F": 3.377688436286595
      }
    },
    {
      "round": 4,
      "prev": {
        "H": {
          "tariff": {
            "2": 0.581644143553427,
            "3": 0.5802645481879716
          },
          "quota": {
            "2": 1.0,
            "3": 1.0
          }
        },
        "F": {
          "tariff": {
            "2": 0.6663612434218598,
            "3": 0.6640000763814651
          },
          "quota": {
            "2": 1.0,
            "3": 1.0
          }
        }
      },
      "decision": {
        "H": {
          "tariff": {
            "2": 0.46698721113213926,
            "3": 0.46838931387463006
          },
          "quota": {
            "2": 1.0,
            "3": 1.0
          }
        },
        "F": {
          "tariff": {
            "2": 0.4788770259483844,
            "3": 0.48254793913832333
          },
          "quota": {
            "2": 1.0,
            "3": 1.0
          }
        }
      },
      "predicted": {
        "J_H_pred": -194.43371253435063,
        "J_F_pred": -213.25592834474426,
        "multi_start": 8,
        "best_idx": 4
      },
      "opt_time_s": 38.96153912100999,
      "payoff": {
        "H": -0.004364749684189539,
        "F": -0.023509404672365435
      },
      "metrics": {
        "income_H": 0.00026810424635689655,
        "trade_balance_H": 3.645474826730089e-08,
        "price_mean_H": 3.591135669774983,
        "income_F": 0.0002753358742259983,
        "trade_balance_F": 4.984309281440859e-07,
        "price_mean_F": 3.4237107225316445
      }
    },
    {
      "round": 5,
      "prev": {
        "H": {
          "tariff": {
            "2": 0.4669857441463954,
            "3": 0.4683878454867847
          },
          "quota": {
            "2": 1.0,
            "3": 1.0
          }
        },
        "F": {
          "tariff": {
            "2": 0.4788755470728374,
            "3": 0.4825464565918669
          },
          "quota": {
            "2": 1.0,
            "3": 1.0
          }
        }
      },
      "decision": {
        "H": {
          "tariff": {
            "2": 0.5506293202871607,
            "3": 0.54874298085758
          },
          "quota": {
            "2": 1.0,
            "3": 1.0
          }
        },
        "F": {
          "tariff": {
            "2": 0.589207117481571,
            "3": 0.5866144770736957
          },
          "quota": {
            "2": 1.0,
            "3": 1.0
          }
        }
      },
      "predicted": {
        "J_H_pred": -205.3185563901078,
        "J_F_pred": -227.44650191436648,
        "multi_start": 8,
        "best_idx": 4
      },
      "opt_time_s": 38.14261428199825,