user_sector_i,D01,D02,D03,D04,D05
D01,0.9932931508700219,0.999999,0.9830561707581646,0.999925936638128,0.9983401110768271
D02,0.9974139767592866,0.28823134896410685,0.9830930799756104,0.9977702069085493,0.9982005167797708
D03,0.9219787677611286,0.5967613032163508,0.8410291213671065,0.988969342708701,0.9878673856135973
D04,0.9971735712114106,0.9551588312184198,0.8380145136733982,0.5323227783811302,0.8821707736491023
D05,0.9029779291778927,0.999999,0.9164872145255485,0.7628201615937055,0.885600489043931
