{
  "config": {
    "name": "grad_simultaneous_trigger",
    "rounds": 10,
    "theta_price": 0.1,
    "normalize_gap_by_supply": true,
    "decision_interval": 10,
    "lookahead_periods": 12,
    "warmup_periods": 1000,
    "trigger_settle_periods": 0,
    "trigger": {
      "country": "F",
      "tariff": {
        "4": 0.5
      },
      "quota": {}
    },
    "opt": {
      "optimizer": "Adam",
      "learning_rate": 0.01,
      "iterations": 200
    },
    "constraints": {
      "active_sectors": [
        2,
        3
      ],
      "reciprocal_coeff": 0.0,
      "max_tariff": 1.0,
      "min_quota": 0.0
    },
    "objective": {
      "type": "standard",
      "weights": [
        1.0,
        1.0,
        1.0
      ]
    }
  },
  "policies": [
    {
      "round": 1,
      "prev": {
        "H": {
          "tariff": {
            "2": -9.99998999939855e-07,
            "3": -9.99998999939855e-07
          },
          "quota": {
            "2": 1.0,
            "3": 1.0
          }
        },
        "F": {
          "tariff": {
            "2": -9.99998999939855e-07,
            "3": -9.99998999939855e-07
          },
          "quota": {
            "2": 1.0,
            "3": 1.0
          }
        }
      },
      "decision": {
        "H": {
          "tariff": {
            "2": 0.0,
            "3": 0.0
          },
          "quota": {
            "2": 0.0,
            "3": 0.0
          }
        },
        "F": {
          "tariff": {
            "2": 0.0,
            "3": 0.0
          },
          "quota": {
            "2": 0.5897722429649407,
            "3": 0.5676801308511358
          }
        }
      },
      "predicted": {
        "J_H_pred": -46982395.57979662,
        "J_F_pred": -49348532.798931
      },
      "opt_time_s": 129.3034226880045,
      "payoff": {
        "H": -0.012510858048564926,
        "F": -0.006941832436961138
      },
      "metrics": {
        "income_H": 0.0003230003353475187,
        "trade_balance_H": -3.6475770024426796e-07,
        "price_mean_H": 1.8512522648513519,
        "income_F": 0.000324116992302962,
        "trade_balance_F": -1.0269787670534878e-06,
        "price_mean_F": 1.8875773964133726
      }
    },
    {
      "round": 2,
      "prev": {
        "H": {
          "tariff": {
            "2": -9.99998999939855e-07,
            "3": -9.99998999939855e-07
          },
          "quota": {
            "2": 0.0,
            "3": 0.0
          }
        },
        "F": {
          "tariff": {
            "2": -9.99998999939855e-07,
            "3": -9.99998999939855e-07
          },
          "quota": {
            "2": 0.5897722429649407,
            "3": 0.5676801308511358
          }
        }
      },
      "decision": {
        "H": {
          "tariff": {
            "2": 0.0,
            "3": 0.0
          },
          "quota": {
            "2": 0.6690643014551616,
            "3": 0.6587062214050251
          }
        },
        "F": {
          "tariff": {
            "2": 0.20033801658425832,
            "3": 0.1981061450726869
          },
          "quota": {
            "2": 0.23178383172405992,
            "3": 0.24202886158815265
          }
        }
      },
      "predicted": {
        "J_H_pred": -46613248.3921557,
        "J_F_pred": -54023156.8770087
      },
      "opt_time_s": 126.30063063499983,
      "payoff": {
        "H": -0.02957208037558295,
        "F": -0.02879383402523722
      },
      "metrics": {
        "income_H": 0.0003073020333010321,
        "trade_balance_H": 1.1419931064873722e-06,
        "price_mean_H": 1.8657408940285283,
        "income_F": 0.0003114190317049744,
        "trade_balance_F": -1.1269682701502847e-06,
        "price_mean_F": 1.9313220304512475
      }
    },
    {
      "round": 3,
      "prev": {
        "H": {
          "tariff": {
            "2": -9.99998999939855e-07,
            "3": -9.99998999939855e-07
          },
          "quota": {
            "2": 0.6690643014551616,
            "3": 0.6587062214050251
          }
        },
        "F": {
          "tariff": {
            "2": 0.20033681624744215,
            "3": 0.19810494696774006
          },
          "quota": {
            "2": 0.23178383172405992,
            "3": 0.24202886158815265
          }
        }
      },
      "decision": {
        "H": {
          "tariff": {
            "2": 0.0,
            "3": 0.0
          },
          "quota": {
            "2": 0.5824904603493225,
            "3": 0.5780731748426231
          }
        },
        "F": {
          "tariff": {
            "2": 0.044560162301545025,
            "3": 0.041136491017122336
          },
          "quota": {
            "2": 0.7919911146034212,
            "3": 0.8111513212013427
          }
        }
      },
      "predicted": {
        "J_H_pred": -44142491.502525695,
        "J_F_pred": -49614897.04950874
      },
      "opt_time_s": 123.96274740800436,
      "payoff": {
        "H": -0.018206273036820916,
        "F": 0.00014123202497174497
      },
      "metrics": {
        "income_H": 0.0003037669572206523,
        "trade_balance_H": 9.057994202933604e-07,
        "price_mean_H": 1.8887315734527992,
        "income_F": 0.00031439614920586163,
        "trade_balance_F": -1.4759102144944882e-06,
        "price_mean_F": 1.9566751831494706
      }
    },
    {
      "round": 4,
      "prev": {
        "H": {
          "tariff": {
            "2": -9.99998999939855e-07,
            "3": -9.99998999939855e-07
          },
          "quota": {
            "2": 0.5824904603493225,
            "3": 0.5780731748426231
          }
        },
        "F": {
          "tariff": {
            "2": 0.04455911774242738,
            "3": 0.0411354498816725
          },
          "quota": {
            "2": 0.7919911146034212,
            "3": 0.8111513212013427
          }
        }
      },
      "decision": {
        "H": {
          "tariff": {
            "2": 0.0,
            "3": 0.0
          },
          "quota": {
            "2": 0.7722816764850027,
            "3": 0.7626522822393669
          }
        },
        "F": {
          "tariff": {
            "2": 0.0,
            "3": 0.0
          },
          "quota": {
            "2": 0.8694445376499222,
            "3": 0.8607671576830823
          }
        }
      },
      "predicted": {
        "J_H_pred": -43735152.70054328,
        "J_F_pred": -49245530.22440238
      },
      "opt_time_s": 125.46784225499869,
      "payoff": {
        "H": -0.002967132989783112,
        "F": -0.011816963286903445
      },
      "metrics": {
        "income_H": 0.0003058813628215744,
        "trade_balance_H": 7.636521556674774e-07,
        "price_mean_H": 1.9104768185524665,
        "income_F": 0.00031248551881751373,
        "trade_balance_F": -1.2920192644511764e-06,
        "price_mean_F": 1.9752404997556032
      }
    },
    {
      "round": 5,
      "prev": {
        "H": {
          "tariff": {
            "2": -9.99998999939855e-07,
            "3": -9.99998999939855e-07
          },
          "quota": {
            "2": 0.7722816764850027,
            "3": 0.7626522822393669
          }
        },
        "F": {
          "tariff": {
            "2": -9.99998999939855e-07,
            "3": -9.99998999939855e-07
          },
          "quota": {
            "2": 0.8694445376499222,
            "3": 0.8607671576830823
          }
        }
      },
      "decision": {
        "H": {
          "tariff": {
            "2": 0.0,
            "3": 0.0
          },
          "quota": {
            "2": 0.7776183459314746,
            "3": 0.7761620296508058
          }
        },
        "F": {
          "tariff": {
            "2": 0.0,
            "3": 0.0
          },
          "quota": {
            "2": 0.8970897421604624,
            "3": 0.9119626384133724
          }
        }
      },
      "predicted": {
        "J_H_pred": -44079459.52620734,
        "J_F_pred": -48179428.806767754
      },