{
  "config": {
    "name": "grad_simultaneous_trigger_verify",
    "rounds": 2,
    "theta_price": 0.1,
    "normalize_gap_by_supply": true,
    "decision_interval": 5,
    "lookahead_periods": 5,
    "warmup_periods": 200,
    "trigger_settle_periods": 0,
    "trigger": {
      "country": "H",
      "tariff": {
        "4": 0.5
      },
      "quota": {}
    },
    "opt": {
      "optimizer": "Adam",
      "learning_rate": 0.01,
      "iterations": 5
    },
    "constraints": {
      "active_sectors": [
        2,
        3
      ],
      "reciprocal_coeff": 0.0,
      "max_tariff": 1.0,
      "min_quota": 0.0
    },
    "objective": {
      "type": "standard",
      "weights": [
        1.0,
        1.0,
        1.0
      ]
    }
  },
  "policies": [
    {
      "round": 1,
      "prev": {
        "H": {
          "tariff": {
            "2": -9.99998999939855e-07,
            "3": -9.99998999939855e-07
          },
          "quota": {
            "2": 1.0,
            "3": 1.0
          }
        },
        "F": {
          "tariff": {
            "2": -9.99998999939855e-07,
            "3": -9.99998999939855e-07
          },
          "quota": {
            "2": 1.0,
            "3": 1.0
          }
        }
      },
      "decision": {
        "H": {
          "tariff": {
            "2": 0.07307891708767397,
            "3": 0.06336426876343923
          },
          "quota": {
            "2": 1.0,
            "3": 1.0
          }
        },
        "F": {
          "tariff": {
            "2": 0.07308393347163708,
            "3": 0.06336790195502126
          },
          "quota": {
            "2": 1.0,
            "3": 1.0
          }
        }
      },
      "predicted": {
        "J_H_pred": -249.7885462024833,
        "J_F_pred": -265.13616580005316
      },
      "opt_time_s": 2.194610496999985,
      "payoff": {
        "H": -0.0009270372508859526,
        "F": 0.0015689088557859646
      },
      "metrics": {
        "income_H": 0.0003309747853038745,
        "trade_balance_H": -1.6131147654710993e-06,
        "price_mean_H": 1.883074282939108,
        "income_F": 0.0003264353334809522,
        "trade_balance_F": -5.534733676810682e-07,
        "price_mean_F": 1.8729542484851691
      }
    },
    {
      "round": 2,
      "prev": {
        "H": {
          "tariff": {
            "2": 0.07307784400983008,
            "3": 0.06336320540023399
          },
          "quota": {
            "2": 1.0,
            "3": 1.0
          }
        },
        "F": {
          "tariff": {
            "2": 0.07308286038877676,
            "3": 0.0633668385881827
          },
          "quota": {
            "2": 1.0,
            "3": 1.0
          }
        }
      },
      "decision": {
        "H": {
          "tariff": {
            "2": 0.14616293327670538,
            "3": 0.12673329111483295
          },
          "quota": {
            "2": 1.0,
            "3": 1.0
          }
        },
        "F": {
          "tariff": {
            "2": 0.14616830503772565,
            "3": 0.12673626527742124
          },
          "quota": {
            "2": 1.0,
            "3": 1.0
          }
        }
      },
      "predicted": {
        "J_H_pred": -231.8939330789098,
        "J_F_pred": -257.9724736058416
      },
      "opt_time_s": 1.101834141999916,
      "payoff": {
        "H": -0.013697135111115425,
        "F": -0.009782379068463356
      },
      "metrics": {
        "income_H": 0.0003272383578891203,
        "trade_balance_H": -1.550250109013768e-06,
        "price_mean_H": 1.9071828395254453,
        "income_F": 0.00032297344599455005,
        "trade_balance_F": -3.01458446321398e-07,
        "price_mean_F": 1.8859456921824076
      }
    }
  ],
  "timing": {
    "total_s": 3.3938847269999997,
    "per_round_s": [
      2.194610496999985,
      1.101834141999916
    ],
    "avg_per_round_s": 1.6482223194999506
  }
}