{
  "config": {
    "name": "io_real_test",
    "rounds": 2,
    "theta_price": 0.001,
    "normalize_gap_by_supply": true,
    "decision_interval": 5,
    "lookahead_periods": 5,
    "warmup_periods": 100,
    "trigger_settle_periods": 0,
    "trigger": {
      "country": "F",
      "tariff": {
        "3": 0.25
      },
      "quota": {}
    },
    "opt": {
      "optimizer": "Adam",
      "learning_rate": 0.005,
      "iterations": 20
    },
    "constraints": {
      "active_sectors": [
        2,
        3
      ],
      "reciprocal_coeff": 0.0,
      "max_tariff": 0.5,
      "min_quota": 0.0
    },
    "objective": {
      "type": "standard",
      "weights": [
        1.0,
        1.0,
        1.0
      ]
    }
  },
  "policies": [
    {
      "round": 1,
      "prev": {
        "H": {
          "tariff": {
            "2": -9.99998999939855e-07,
            "3": -9.99998999939855e-07
          },
          "quota": {
            "2": 1.0,
            "3": 1.0
          }
        },
        "F": {
          "tariff": {
            "2": -9.99998999939855e-07,
            "3": 0.24999875000125016
          },
          "quota": {
            "2": 1.0,
            "3": 1.0
          }
        }
      },
      "decision": {
        "H": {
          "tariff": {
            "2": 0.0,
            "3": 0.0
          },
          "quota": {
            "2": 0.9987082418444057,
            "3": 0.9001105658367677
          }
        },
        "F": {
          "tariff": {
            "2": 0.0,
            "3": 0.15000082755748143
          },
          "quota": {
            "2": 1.0,
            "3": 1.0
          }
        }
      },
      "predicted": {
        "J_H_pred": 8.189043582835647e-05,
        "J_F_pred": 0.03169984946182333
      },
      "opt_time_s": 2.1303476670000236,
      "payoff": {
        "H": 8.187788956016232e-05,
        "F": 0.03170161306238969
      },
      "metrics": {
        "income_H": 1.2186775607512206,
        "trade_balance_H": 0.1208067835206574,
        "price_mean_H": 1.3711314101730985,
        "income_F": 1.7695485663687585,
        "trade_balance_F": 0.08862626363613708,
        "price_mean_F": 1.3536019601532303
      }
    },
    {
      "round": 2,
      "prev": {
        "H": {
          "tariff": {
            "2": -9.99998999939855e-07,
            "3": -9.99998999939855e-07
          },
          "quota": {
            "2": 0.9987082418444057,
            "3": 0.9001105658367677
          }
        },
        "F": {
          "tariff": {
            "2": -9.99998999939855e-07,
            "3": 0.14999967755780386
          },
          "quota": {
            "2": 1.0,
            "3": 1.0
          }
        }
      },
      "decision": {
        "H": {
          "tariff": {
            "2": 0.0,
            "3": 0.0
          },
          "quota": {
            "2": 0.9975494261257388,
            "3": 0.800219804411013
          }
        },
        "F": {
          "tariff": {
            "2": 0.0,
            "3": 0.050004367816583475
          },
          "quota": {
            "2": 1.0,
            "3": 1.0
          }
        }
      },
      "predicted": {
        "J_H_pred": 8.48300462854296e-05,
        "J_F_pred": 0.03402187754760494
      },
      "opt_time_s": 1.539586916999724,
      "payoff": {
        "H": 8.481759479219125e-05,
        "F": 0.0340234841908176
      },
      "metrics": {
        "income_H": 1.2193554353986358,
        "trade_balance_H": 0.12049282727053444,
        "price_mean_H": 1.3722709882142534,
        "income_F": 1.769488697577446,
        "trade_balance_F": 0.09505846772661344,
        "price_mean_F": 1.357262679083421
      }
    }
  ],
  "timing": {
    "total_s": 3.7055321249999906,
    "per_round_s": [
      2.1303476670000236,
      1.539586916999724
    ],
    "avg_per_round_s": 1.8349672919998739
  }
}