{
  "config": {
    "name": "io_real_cn_us_2017",
    "rounds": 3,
    "theta_price": 0.001,
    "normalize_gap_by_supply": true,
    "decision_interval": 10,
    "lookahead_periods": 10,
    "warmup_periods": 200,
    "trigger_settle_periods": 0,
    "trigger": {
      "country": "F",
      "tariff": {
        "3": 0.25
      },
      "quota": {}
    },
    "opt": {
      "optimizer": "Adam",
      "learning_rate": 0.005,
      "iterations": 30
    },
    "constraints": {
      "active_sectors": [
        2,
        3
      ],
      "reciprocal_coeff": 0.0,
      "max_tariff": 0.5,
      "min_quota": 0.0
    },
    "objective": {
      "type": "standard",
      "weights": [
        1.0,
        1.0,
        1.0
      ]
    }
  },
  "policies": [
    {
      "round": 1,
      "prev": {
        "H": {
          "tariff": {
            "2": -9.99998999939855e-07,
            "3": -9.99998999939855e-07
          },
          "quota": {
            "2": 1.0,
            "3": 1.0
          }
        },
        "F": {
          "tariff": {
            "2": -9.99998999939855e-07,
            "3": 0.24999875000125016
          },
          "quota": {
            "2": 1.0,
            "3": 1.0
          }
        }
      },
      "decision": {
        "H": {
          "tariff": {
            "2": 0.0,
            "3": 0.0
          },
          "quota": {
            "2": 1.0,
            "3": 0.8500383557164414
          }
        },
        "F": {
          "tariff": {
            "2": 0.0,
            "3": 0.10000546386625314
          },
          "quota": {
            "2": 1.0,
            "3": 1.0
          }
        }
      },
      "predicted": {
        "J_H_pred": 0.00020576759938444958,
        "J_F_pred": 0.029431493811405453
      },
      "opt_time_s": 5.6991619170003105,
      "payoff": {
        "H": 0.0002057570006222318,
        "F": 0.029437058783674603
      },
      "metrics": {
        "income_H": 1.2311160112289772,
        "trade_balance_H": 0.11488974599729607,
        "price_mean_H": 1.3938731516698564,
        "income_F": 1.7674965961320752,
        "trade_balance_F": 0.0821314841082295,
        "price_mean_F": 1.4247945807089732
      }
    },
    {
      "round": 2,
      "prev": {
        "H": {
          "tariff": {
            "2": -9.99998999939855e-07,
            "3": -9.99998999939855e-07
          },
          "quota": {
            "2": 1.0,
            "3": 0.8500383557164414
          }
        },
        "F": {
          "tariff": {
            "2": -9.99998999939855e-07,
            "3": 0.10000436386188927
          },
          "quota": {
            "2": 1.0,
            "3": 1.0
          }
        }
      },
      "decision": {
        "H": {
          "tariff": {
            "2": 0.0,
            "3": 0.0
          },
          "quota": {
            "2": 1.0,
            "3": 0.7000765813628352
          }
        },
        "F": {
          "tariff": {
            "2": 0.0,
            "3": 0.0
          },
          "quota": {
            "2": 1.0,
            "3": 1.0
          }
        }
      },
      "predicted": {
        "J_H_pred": 0.00022111834532472443,
        "J_F_pred": 0.031588666282022795
      },
      "opt_time_s": 5.327992167000048,
      "payoff": {
        "H": 0.00022110783289240113,
        "F": 0.0315937060389697
      },
      "metrics": {
        "income_H": 1.2320108577867743,
        "trade_balance_H": 0.1142930356404374,
        "price_mean_H": 1.3954644295524559,
        "income_F": 1.7672027875088991,
        "trade_balance_F": 0.0880516053622616,
        "price_mean_F": 1.430986634548671
      }
    },
    {
      "round": 3,
      "prev": {
        "H": {
          "tariff": {
            "2": -9.99998999939855e-07,
            "3": -9.99998999939855e-07
          },
          "quota": {
            "2": 1.0,
            "3": 0.7000765813628352
          }
        },
        "F": {
          "tariff": {
            "2": -9.99998999939855e-07,
            "3": -9.99998999939855e-07
          },
          "quota": {
            "2": 1.0,
            "3": 1.0
          }
        }
      },
      "decision": {
        "H": {
          "tariff": {
            "2": 0.0,
            "3": 0.0
          },
          "quota": {
            "2": 1.0,
            "3": 0.5501147471197506
          }
        },
        "F": {
          "tariff": {
            "2": 0.0,
            "3": 0.0
          },
          "quota": {
            "2": 1.0,
            "3": 1.0
          }
        }
      },
      "predicted": {
        "J_H_pred": 0.0002373257714389181,
        "J_F_pred": 0.03131811116393812
      },
      "opt_time_s": 5.32965270800014,
      "payoff": {
        "H": 0.00023731498539314525,
        "F": 0.03132313621165853
      },
      "metrics": {
        "income_H": 1.2328423004244233,
        "trade_balance_H": 0.11367063243447717,
        "price_mean_H": 1.396871886577895,
        "income_F": 1.7669012482488107,
        "trade_balance_F": 0.0872311482986691,
        "price_mean_F": 1.4370826663793403
      }
    }
  ],
  "timing": {
    "total_s": 16.465871166999932,
    "per_round_s": [
      5.6991619170003105,
      5.327992167000048,
      5.32965270800014
    ],
    "avg_per_round_s": 5.452268930666833
  }
}