product_sector_j,beta_j
A01,0.5372556207761483
RUP,0.0
RMID,0.16957475088824547
ELEC_CIT,0.08508485877458027
TEQ,0.20808476956102587
