sector_j,E_j
A01,0.01027258577155379
RUP,0.007830357406530675
RMID,0.03593665169844412
ELEC_CIT,0.07477231290248108
TEQ,0.01598002546130079
