parameter,value
w,1.0
r,0.035798
K,4.285808374426066
L,0.23479274753236665
