sector_j,gamma_cj
A01,0.9711286297795733
RUP,0.999999
RMID,0.8230446155638836
ELEC_CIT,0.9598808563677681
TEQ,0.8471380605102055
