product_sector_j,theta_cj
A01,0.9711286297795733
RUP,1.0
RMID,0.8230446155638836
ELEC_CIT,0.9598808563677681
TEQ,0.8471380605102055
