,D01,D02,D03,D04,D05,HFCE,GFCF,INVNT,EXPO
DOM_01,145853072.8236498,18967.42392705772,47360706.73037812,873.0051260992464,25203.96932225226,266852448.044271,19687645.79307146,3303160.780711885,11799634.09892031
DOM_02,0.0,849111.455515821,45087550.68256623,0.3974259020795457,0.0,0.0,0.0,-584236.8467285105,119547.1937841608
DOM_03,87953959.78185149,6653253.028141264,671024401.6421511,41782694.77910819,70024536.00823501,71383531.81759878,0.0,-871015.9143949819,134539392.8611543
DOM_04,175116.2202137033,25069.86691303698,1047347.825282048,229964005.2362688,9796963.72555294,41771789.27057071,52210997.34534888,-2312617.289700691,320273005.8098691
DOM_05,1464491.241144933,786994.8875342938,764319.669731309,629042.8261979186,227165733.433484,90158764.97318184,251490677.3534942,3271465.143168194,39095767.63696364
VALU,654523532.9985694,31747156.00272155,442266116.2619057,135335458.2354095,173895266.7312225,0.0,0.0,0.0,0.0
OUTPUT,1101240339.566563,74440857.0557904,1949035547.206481,833265495.7222667,787241334.8084242,0.0,0.0,0.0,0.0
