{
  "config": {
    "name": "grad_simultaneous_trigger",
    "rounds": 10,
    "theta_price": 0.1,
    "normalize_gap_by_supply": true,
    "decision_interval": 10,
    "lookahead_periods": 12,
    "warmup_periods": 1000,
    "trigger_settle_periods": 0,
    "trigger": {
      "country": "F",
      "tariff": {
        "4": 0.5
      },
      "quota": {}
    },
    "opt": {
      "optimizer": "SGD",
      "learning_rate": 0.01,
      "iterations": 500
    },
    "constraints": {
      "active_sectors": [
        2,
        3
      ],
      "reciprocal_coeff": 0.0,
      "max_tariff": 1.0,
      "min_quota": 0.0
    },
    "objective": {
      "type": "standard",
      "weights": [
        1.0,
        1.0,
        1.0
      ]
    }
  },
  "policies": [
    {
      "round": 1,
      "prev": {
        "H": {
          "tariff": {
            "2": -9.99998999939855e-07,
            "3": -9.99998999939855e-07
          },
          "quota": {
            "2": 1.0,
            "3": 1.0
          }
        },
        "F": {
          "tariff": {
            "2": -9.99998999939855e-07,
            "3": -9.99998999939855e-07
          },
          "quota": {
            "2": 1.0,
            "3": 1.0
          }
        }
      },
      "decision": {
        "H": {
          "tariff": {
            "2": 0.0,
            "3": 0.0
          },
          "quota": {
            "2": 0.0,
            "3": 0.0
          }
        },
        "F": {
          "tariff": {
            "2": 0.0,
            "3": 0.0
          },
          "quota": {
            "2": 0.6697873068255678,
            "3": 0.6453999815332543
          }
        }
      },
      "predicted": {
        "J_H_pred": -47186882.51279143,
        "J_F_pred": -49896947.298188284,
        "multi_start": 8,
        "best_idx": 7
      },
      "opt_time_s": 265.2223737650056,
      "payoff": {
        "H": -0.012373135115368323,
        "F": -0.007130411964019721
      },
      "metrics": {
        "income_H": 0.00032303569198363836,
        "trade_balance_H": -3.7517766066663027e-07,
        "price_mean_H": 1.851410186674183,
        "income_F": 0.0003240711372671703,
        "trade_balance_F": -1.0194191844661282e-06,
        "price_mean_F": 1.888549735788066
      }
    },
    {
      "round": 2,
      "prev": {
        "H": {
          "tariff": {
            "2": -9.99998999939855e-07,
            "3": -9.99998999939855e-07
          },
          "quota": {
            "2": 0.0,
            "3": 0.0
          }
        },
        "F": {
          "tariff": {
            "2": -9.99998999939855e-07,
            "3": -9.99998999939855e-07
          },
          "quota": {
            "2": 0.6697873068255678,
            "3": 0.6453999815332543
          }
        }
      },
      "decision": {
        "H": {
          "tariff": {
            "2": 0.0,
            "3": 0.0
          },
          "quota": {
            "2": 0.5208330107214543,
            "3": 0.5086471251233989
          }
        },
        "F": {
          "tariff": {
            "2": 0.16990441957036087,
            "3": 0.16692852991078658
          },
          "quota": {
            "2": 0.28433005729713484,
            "3": 0.2873388305785008
          }
        }
      },
      "predicted": {
        "J_H_pred": -45337853.14075625,
        "J_F_pred": -53754423.6972269,
        "multi_start": 8,
        "best_idx": 6
      },
      "opt_time_s": 254.66286979301367,
      "payoff": {
        "H": -0.026081762309534063,
        "F": -0.020099897775031
      },
      "metrics": {
        "income_H": 0.00030945091261044215,
        "trade_balance_H": 7.643968785648784e-07,
        "price_mean_H": 1.8631170303991145,
        "income_F": 0.000315429450130931,
        "trade_balance_F": -1.2722327670023863e-06,
        "price_mean_F": 1.9268137123165534
      }
    },
    {
      "round": 3,
      "prev": {
        "H": {
          "tariff": {
            "2": -9.99998999939855e-07,
            "3": -9.99998999939855e-07
          },
          "quota": {
            "2": 0.5208330107214543,
            "3": 0.5086471251233989
          }
        },
        "F": {
          "tariff": {
            "2": 0.16990324966711134,
            "3": 0.1669273629834236
          },
          "quota": {
            "2": 0.28433005729713484,
            "3": 0.2873388305785008
          }
        }
      },
      "decision": {
        "H": {
          "tariff": {
            "2": 0.0,
            "3": 0.0
          },
          "quota": {
            "2": 0.6915357606118969,
            "3": 0.6932477217253695
          }
        },
        "F": {
          "tariff": {
            "2": 0.013230780741147214,
            "3": 0.009858720653569835
          },
          "quota": {
            "2": 0.8696180044099592,
            "3": 0.8828129110384721
          }
        }
      },
      "predicted": {
        "J_H_pred": -44787075.39664286,
        "J_F_pred": -50689798.75781391,
        "multi_start": 8,
        "best_idx": 6
      },
      "opt_time_s": 252.370038330002,
      "payoff": {
        "H": -0.014147299684042736,
        "F": -0.012715321204434618
      },
      "metrics": {
        "income_H": 0.0003076023633483702,
        "trade_balance_H": 5.137901593026767e-07,
        "price_mean_H": 1.8848775396188175,
        "income_F": 0.0003129681177197079,
        "trade_balance_F": -1.055404360820834e-06,
        "price_mean_F": 1.9495038207465336
      }
    },
    {
      "round": 4,
      "prev": {
        "H": {
          "tariff": {
            "2": -9.99998999939855e-07,
            "3": -9.99998999939855e-07
          },
          "quota": {
            "2": 0.6915357606118969,
            "3": 0.6932477217253695
          }
        },
        "F": {
          "tariff": {
            "2": 0.01322976751137972,
            "3": 0.009857710795859065
          },
          "quota": {
            "2": 0.8696180044099592,
            "3": 0.8828129110384721
          }
        }
      },
      "decision": {
        "H": {
          "tariff": {
            "2": 0.0,
            "3": 0.0
          },
          "quota": {
            "2": 0.6812032642256176,
            "3": 0.6776453809681782
          }
        },
        "F": {
          "tariff": {
            "2": 0.0,
            "3": 0.0
          },
          "quota": {
            "2": 0.88161080724894,
            "3": 0.8862502317054283
          }
        }
      },
      "predicted": {
        "J_H_pred": -44348314.960509114,
        "J_F_pred": -49857398.87603112,
        "multi_start": 8,
        "best_idx": 0
      },
      "opt_time_s": 247.7024482639972,
      "payoff": {
        "H": -0.0028839943718294543,
        "F": -0.00641359072574698
      },
      "metrics": {
        "income_H": 0.00030941720157197535,
        "trade_balance_H": 3.789350569377222e-07,
        "price_mean_H": 1.9029460291195468,
        "income_F": 0.00031329798057775233,
        "trade_balance_F": -1.0473854591445294e-06,
        "price_mean_F": 1.969053666030186
      }
    },
    {
      "round": 5,
      "prev": {
        "H": {
          "tariff": {
            "2": -9.99998999939855e-07,
            "3": -9.99998999939855e-07
          },
          "quota": {
            "2": 0.6812032642256176,
            "3": 0.6776453809681782
          }
        },
        "F": {
          "tariff": {
            "2": -9.99998999939855e-07,
            "3": -9.99998999939855e-07
          },
          "quota": {
            "2": 0.88161080724894,
            "3": 0.8862502317054283
          }
        }
      },
      "decision": {
        "H": {
          "tariff": {
            "2": 0.0,
            "3": 0.0
          },
          "quota": {
            "2": 0.6878324500990035,
            "3": 0.6852886210369573
          }
        },
        "F": {
          "tariff": {
            "2": 0.016690357870772016,
            "3": 0.015919525851106175
          },