{
  "config": {
    "name": "grad_simultaneous_trigger",
    "rounds": 10,
    "theta_price": 0.1,
    "normalize_gap_by_supply": true,
    "decision_interval": 50,
    "lookahead_periods": 5,
    "warmup_periods": 1000,
    "trigger_settle_periods": 0,
    "trigger": {
      "country": "H",
      "tariff": {
        "4": 0.5
      },
      "quota": {}
    },
    "opt": {
      "optimizer": "Adam",
      "learning_rate": 0.01,
      "iterations": 200
    },
    "constraints": {
      "active_sectors": [
        2,
        3
      ],
      "reciprocal_coeff": 0.0,
      "max_tariff": 1.0,
      "min_quota": 0.0
    },
    "objective": {
      "type": "standard",
      "weights": [
        1.0,
        1.0,
        1.0
      ]
    }
  },
  "policies": [
    {
      "round": 1,
      "prev": {
        "H": {
          "tariff": {
            "2": -9.99998999939855e-07,
            "3": -9.99998999939855e-07
          },
          "quota": {
            "2": 1.0,
            "3": 1.0
          }
        },
        "F": {
          "tariff": {
            "2": -9.99998999939855e-07,
            "3": -9.99998999939855e-07
          },
          "quota": {
            "2": 1.0,
            "3": 1.0
          }
        }
      },
      "decision": {
        "H": {
          "tariff": {
            "2": 0.22398927878028638,
            "3": 0.2229053278745295
          },
          "quota": {
            "2": 1.0,
            "3": 1.0
          }
        },
        "F": {
          "tariff": {
            "2": 0.27424224096164657,
            "3": 0.2526093239412377
          },
          "quota": {
            "2": 1.0,
            "3": 1.0
          }
        }
      },
      "predicted": {
        "J_H_pred": -3.402950762706365e+29,
        "J_F_pred": -2.4970624484828737e+32,
        "multi_start": 8,
        "best_idx": 5
      },
      "opt_time_s": 36.532919102999585,
      "payoff": {
        "H": -0.12046460635180478,
        "F": -0.09456180895164476
      },
      "metrics": {
        "income_H": 0.0003059964583271859,
        "trade_balance_H": -7.121607699245755e-07,
        "price_mean_H": 2.187944424120483,
        "income_F": 0.00031027561483332113,
        "trade_balance_F": -3.893447697115787e-07,
        "price_mean_F": 2.1228345211877087
      }
    },
    {
      "round": 2,
      "prev": {
        "H": {
          "tariff": {
            "2": 0.22398805479223172,
            "3": 0.22290410497042457
          },
          "quota": {
            "2": 1.0,
            "3": 1.0
          }
        },
        "F": {
          "tariff": {
            "2": 0.27424096672068,
            "3": 0.25260807133316643
          },
          "quota": {
            "2": 1.0,
            "3": 1.0
          }
        }
      },
      "decision": {
        "H": {
          "tariff": {
            "2": 0.7463945722061872,
            "3": 0.7469496353217756
          },
          "quota": {
            "2": 1.0,
            "3": 1.0
          }
        },
        "F": {
          "tariff": {
            "2": 0.7618971107907531,
            "3": 0.7435371535376207
          },
          "quota": {
            "2": 1.0,
            "3": 1.0
          }
        }
      },
      "predicted": {
        "J_H_pred": -2.3956649274841823e+21,
        "J_F_pred": -3.922776757391374e+25,
        "multi_start": 8,
        "best_idx": 7
      },
      "opt_time_s": 35.17505941800118,
      "payoff": {
        "H": -0.16027086967933732,
        "F": -0.15920142352677424
      },
      "metrics": {
        "income_H": 0.00029226809613977224,
        "trade_balance_H": 1.50214373093699e-07,
        "price_mean_H": 2.808572144501184,
        "income_F": 0.000295194594312902,
        "trade_balance_F": -5.00472999576791e-07,
        "price_mean_F": 2.6973428948329174
      }
    },
    {
      "round": 3,
      "prev": {
        "H": {
          "tariff": {
            "2": 0.7463928258133616,
            "3": 0.7469478883738874
          },
          "quota": {
            "2": 1.0,
            "3": 1.0
          }
        },
        "F": {
          "tariff": {
            "2": 0.7618953488954043,
            "3": 0.7435354100022109
          },
          "quota": {
            "2": 1.0,
            "3": 1.0
          }
        }
      },
      "decision": {
        "H": {
          "tariff": {
            "2": 0.8706846528859178,
            "3": 0.8715504396969932
          },
          "quota": {
            "2": 1.0,
            "3": 1.0
          }
        },
        "F": {
          "tariff": {
            "2": 0.5539718055100459,
            "3": 0.561332950905222
          },
          "quota": {
            "2": 1.0,
            "3": 1.0
          }
        }
      },
      "predicted": {
        "J_H_pred": -3502697047420332.0,
        "J_F_pred": -2.988699586358604e+18,
        "multi_start": 8,
        "best_idx": 5
      },
      "opt_time_s": 35.28131004199895,
      "payoff": {
        "H": 0.007290442382237042,
        "F": 0.004074840504414461
      },
      "metrics": {
        "income_H": 0.00031379748936861875,
        "trade_balance_H": 2.6240460429482463e-07,
        "price_mean_H": 3.144715732673561,
        "income_F": 0.0003124167802044323,
        "trade_balance_F": -6.434757477577142e-07,
        "price_mean_F": 2.933840577361469
      }
    },
    {
      "round": 4,
      "prev": {
        "H": {
          "tariff": {
            "2": 0.8706827822031358,
            "3": 0.8715485681484252
          },
          "quota": {
            "2": 1.0,
            "3": 1.0
          }
        },
        "F": {
          "tariff": {
            "2": 0.5539702515397946,
            "3": 0.5613313895738323
          },
          "quota": {
            "2": 1.0,
            "3": 1.0
          }
        }
      },
      "decision": {
        "H": {
          "tariff": {
            "2": 0.8768864604931792,
            "3": 0.8725325800512812
          },
          "quota": {
            "2": 1.0,
            "3": 1.0
          }
        },
        "F": {
          "tariff": {
            "2": 0.6469667862600208,
            "3": 0.6421067243980433
          },
          "quota": {
            "2": 1.0,
            "3": 1.0
          }
        }
      },
      "predicted": {
        "J_H_pred": -179176993777508.2,
        "J_F_pred": -1.6323005883874455e+18,
        "multi_start": 8,
        "best_idx": 7
      },
      "opt_time_s": 35.269402128000365,
      "payoff": {
        "H": 0.0010999703208580142,
        "F": 0.0021272927997222253
      },
      "metrics": {
        "income_H": 0.00032296014896948015,
        "trade_balance_H": 2.62281718462801e-07,
        "price_mean_H": 3.282620109385473,
        "income_F": 0.00032247395937916036,
        "trade_balance_F": -6.639460893174573e-07,
        "price_mean_F": 3.077264887601283
      }
    },
    {
      "round": 5,
      "prev": {
        "H": {
          "tariff": {
            "2": 0.8768845836085957,
            "3": 0.8725307075205739
          },
          "quota": {
            "2": 1.0,
            "3": 1.0
          }
        },
        "F": {
          "tariff": {
            "2": 0.6469651392948816,
            "3": 0.6421050822929613
          },
          "quota": {
            "2": 1.0,
            "3": 1.0
          }
        }
      },
      "decision": {
        "H": {
          "tariff": {
            "2": 0.8723475730767867,
            "3": 0.872809466790632
          },
          "quota": {
            "2": 1.0,
            "3": 1.0
          }
        },
        "F": {
          "tariff": {
            "2": 0.6312043747868039,
            "3": 0.6332812264218104
          },
          "quota": {
            "2": 1.0,
            "3": 1.0
          }
        }
      },
      "predicted": {
        "J_H_pred": -50575866959852.73,
        "J_F_pred": -8.398567889178864e+16,
        "multi_start": 8,
        "best_idx": 3
      },
      "opt_time_s": 35.64253535699936,