{
  "config": {
    "name": "grad_simultaneous_trigger",
    "rounds": 10,
    "theta_price": 0.1,
    "normalize_gap_by_supply": true,
    "decision_interval": 10,
    "lookahead_periods": 10,
    "warmup_periods": 1000,
    "trigger_settle_periods": 0,
    "trigger": {
      "country": "H",
      "tariff": {
        "4": 0.5
      },
      "quota": {}
    },
    "opt": {
      "optimizer": "SGD",
      "learning_rate": 1e-05,
      "iterations": 100
    },
    "constraints": {
      "active_sectors": [
        2,
        3
      ],
      "reciprocal_coeff": 0.0,
      "max_tariff": 1.0,
      "min_quota": 0.0
    },
    "objective": {
      "type": "standard",
      "weights": [
        1.0,
        1.0,
        1.0
      ]
    }
  },
  "policies": [
    {
      "round": 1,
      "prev": {
        "H": {
          "tariff": {
            "2": -9.99998999939855e-07,
            "3": -9.99998999939855e-07
          },
          "quota": {
            "2": 1.0,
            "3": 1.0
          }
        },
        "F": {
          "tariff": {
            "2": -9.99998999939855e-07,
            "3": -9.99998999939855e-07
          },
          "quota": {
            "2": 1.0,
            "3": 1.0
          }
        }
      },
      "decision": {
        "H": {
          "tariff": {
            "2": 0.01713075105223295,
            "3": 0.0
          },
          "quota": {
            "2": 1.0,
            "3": 1.0
          }
        },
        "F": {
          "tariff": {
            "2": 0.011458868161107073,
            "3": 0.0
          },
          "quota": {
            "2": 0.9952327231072047,
            "3": 1.0
          }
        }
      },
      "predicted": {
        "J_H_pred": -37084784.2844068,
        "J_F_pred": -33621981.8043685,
        "multi_start": 8,
        "best_idx": 2
      },
      "opt_time_s": 40.605950366000016,
      "payoff": {
        "H": -0.005479787817768026,
        "F": -0.008382142455746111
      },
      "metrics": {
        "income_H": 0.00032953187940739433,
        "trade_balance_H": -1.3521742665983407e-06,
        "price_mean_H": 1.8902995353574692,
        "income_F": 0.00032121264437000557,
        "trade_balance_F": -2.3654252788159357e-07,
        "price_mean_F": 1.8698901107811894
      }
    },
    {
      "round": 2,
      "prev": {
        "H": {
          "tariff": {
            "2": 0.01712973392249917,
            "3": -9.99998999939855e-07
          },
          "quota": {
            "2": 1.0,
            "3": 1.0
          }
        },
        "F": {
          "tariff": {
            "2": 0.01145785670325039,
            "3": -9.99998999939855e-07
          },
          "quota": {
            "2": 0.9952327231072047,
            "3": 1.0
          }
        }
      },
      "decision": {
        "H": {
          "tariff": {
            "2": 0.016642866750223657,
            "3": 0.010326792807781045
          },
          "quota": {
            "2": 1.0,
            "3": 0.9990867501249585
          }
        },
        "F": {
          "tariff": {
            "2": 0.0,
            "3": 0.0
          },
          "quota": {
            "2": 0.997534285070077,
            "3": 1.0
          }
        }
      },
      "predicted": {
        "J_H_pred": -38180193.02269072,
        "J_F_pred": -32417208.608931947,
        "multi_start": 8,
        "best_idx": 3
      },
      "opt_time_s": 40.20224696299999,
      "payoff": {
        "H": -0.0036183173944588755,
        "F": -0.008415220933309778
      },
      "metrics": {
        "income_H": 0.00033168742684158193,
        "trade_balance_H": -1.4912529428253491e-06,
        "price_mean_H": 1.9147298666754378,
        "income_F": 0.00032018278036676764,
        "trade_balance_F": -3.211214157022899e-07,
        "price_mean_F": 1.8804856995153398
      }
    },
    {
      "round": 3,
      "prev": {
        "H": {
          "tariff": {
            "2": 0.0166418501083736,
            "3": 0.010325782481998669
          },
          "quota": {
            "2": 1.0,
            "3": 0.9990867501249585
          }
        },
        "F": {
          "tariff": {
            "2": -9.99998999939855e-07,
            "3": -9.99998999939855e-07
          },
          "quota": {
            "2": 0.997534285070077,
            "3": 1.0
          }
        }
      },
      "decision": {
        "H": {
          "tariff": {
            "2": 0.01615671399280235,
            "3": 0.020593276785732192
          },
          "quota": {
            "2": 1.0,
            "3": 0.998166639645492
          }
        },
        "F": {
          "tariff": {
            "2": 0.0,
            "3": 0.0
          },
          "quota": {
            "2": 0.999833609737609,
            "3": 1.0
          }
        }
      },
      "predicted": {
        "J_H_pred": -38484764.013254076,
        "J_F_pred": -31718743.097598873,
        "multi_start": 8,
        "best_idx": 3
      },
      "opt_time_s": 38.765097177,
      "payoff": {
        "H": -0.0031951094177327007,
        "F": -0.002133470366001774
      },
      "metrics": {
        "income_H": 0.000333321032456722,
        "trade_balance_H": -1.5611342977560137e-06,
        "price_mean_H": 1.9345630843193244,
        "income_F": 0.00032183188236860956,
        "trade_balance_F": -4.993125748945529e-07,
        "price_mean_F": 1.8914639258911319
      }
    },
    {
      "round": 4,
      "prev": {
        "H": {
          "tariff": {
            "2": 0.016155697837104466,
            "3": 0.020592256193476155
          },
          "quota": {
            "2": 1.0,
            "3": 0.998166639645492
          }
        },
        "F": {
          "tariff": {
            "2": -9.99998999939855e-07,
            "3": -9.99998999939855e-07
          },
          "quota": {
            "2": 0.999833609737609,
            "3": 1.0
          }
        }
      },
      "decision": {
        "H": {
          "tariff": {
            "2": 0.015692694950346156,
            "3": 0.03079455634862192
          },
          "quota": {
            "2": 1.0,
            "3": 0.9972400195870548
          }
        },
        "F": {
          "tariff": {
            "2": 0.0,
            "3": 0.0
          },
          "quota": {
            "2": 0.9999991600612214,
            "3": 0.9999984220943147
          }
        }
      },
      "predicted": {
        "J_H_pred": -38276956.947912544,
        "J_F_pred": -31397190.70698215,
        "multi_start": 8,
        "best_idx": 3
      },
      "opt_time_s": 40.33569495299997,
      "payoff": {
        "H": -0.002623459591737666,
        "F": -0.0023838296373338017
      },
      "metrics": {
        "income_H": 0.00033495990294372886,
        "trade_balance_H": -1.6071186944805037e-06,
        "price_mean_H": 1.9509779264962284,
        "income_F": 0.0003232156025842483,
        "trade_balance_F": -5.991639639974482e-07,
        "price_mean_F": 1.9016263314725448
      }
    },
    {
      "round": 5,
      "prev": {
        "H": {
          "tariff": {
            "2": 0.01569167925866699,
            "3": 0.0307935255550964
          },
          "quota": {
            "2": 1.0,
            "3": 0.9972400195870548
          }
        },
        "F": {
          "tariff": {
            "2": -9.99998999939855e-07,
            "3": -9.99998999939855e-07
          },
          "quota": {
            "2": 0.9999991600612214,
            "3": 0.9999984220943147
          }
        }
      },
      "decision": {
        "H": {
          "tariff": {
            "2": 0.018438337564298482,
            "3": 0.028299268860549807
          },
          "quota": {
            "2": 0.9966242108967445,
            "3": 0.9799069284519807
          }
        },
        "F": {
          "tariff": {
            "2": 0.0,
            "3": 0.0
          },
          "quota": {
            "2": 0.9924509957505676,
            "3": 0.9984907849709788
          }
        }
      },