product_sector_j,beta_j
A01,0.11366471705733647
RUP,0.0002602803249016469
RMID,0.4212382761663999
ELEC_CIT,0.11419574875469328
TEQ,0.3506409776966687
