sector_j,ExportValue_j
A01,0.01353271543567093
RUP,0.01066840286979088
RMID,0.03455433297767913
ELEC_CIT,0.02119431743430619
TEQ,0.02637574578429535
