parameter,value
w,1.0
r,0.0291
K,4.31891451664831
L,0.0892928146761787
