sector_j,gamma_cj
A01,0.7186981812439134
RUP,0.9367816091954023
RMID,0.6445195701735073
ELEC_CIT,0.0745470978897316
TEQ,0.5811771832752435
