{
  "config": {
    "name": "grad_simultaneous_trigger",
    "rounds": 10,
    "theta_price": 0.1,
    "normalize_gap_by_supply": true,
    "decision_interval": 10,
    "lookahead_periods": 5,
    "warmup_periods": 1000,
    "trigger_settle_periods": 0,
    "trigger": {
      "country": "H",
      "tariff": {
        "4": 0.5
      },
      "quota": {}
    },
    "opt": {
      "optimizer": "SGD",
      "learning_rate": 1e-05,
      "iterations": 100
    },
    "constraints": {
      "active_sectors": [
        2,
        3
      ],
      "reciprocal_coeff": 0.0,
      "max_tariff": 1.0,
      "min_quota": 0.0
    },
    "objective": {
      "type": "standard",
      "weights": [
        1.0,
        1.0,
        1.0
      ]
    }
  },
  "policies": [
    {
      "round": 1,
      "prev": {
        "H": {
          "tariff": {
            "2": -9.99998999939855e-07,
            "3": -9.99998999939855e-07
          },
          "quota": {
            "2": 1.0,
            "3": 1.0
          }
        },
        "F": {
          "tariff": {
            "2": -9.99998999939855e-07,
            "3": -9.99998999939855e-07
          },
          "quota": {
            "2": 1.0,
            "3": 1.0
          }
        }
      },
      "decision": {
        "H": {
          "tariff": {
            "2": 0.006739309683437266,
            "3": 0.0064727581715798245
          },
          "quota": {
            "2": 0.9926770196786485,
            "3": 1.0
          }
        },
        "F": {
          "tariff": {
            "2": 0.014332727037350848,
            "3": 0.010053431520223758
          },
          "quota": {
            "2": 0.9997477075718304,
            "3": 0.9984270480816374
          }
        }
      },
      "predicted": {
        "J_H_pred": -255.22592607944236,
        "J_F_pred": -269.54328930035234,
        "multi_start": 8,
        "best_idx": 5
      },
      "opt_time_s": 19.008307832002174,
      "payoff": {
        "H": -0.0056892255929892515,
        "F": -0.007429398175708365
      },
      "metrics": {
        "income_H": 0.00032944872825661266,
        "trade_balance_H": -1.348935049269671e-06,
        "price_mean_H": 1.890109568588809,
        "income_F": 0.0003216482260991706,
        "trade_balance_F": -2.6562045815348484e-07,
        "price_mean_F": 1.8706140542586889
      }
    },
    {
      "round": 2,
      "prev": {
        "H": {
          "tariff": {
            "2": 0.0067383029451342225,
            "3": 0.006471751699828054
          },
          "quota": {
            "2": 0.9926770196786485,
            "3": 1.0
          }
        },
        "F": {
          "tariff": {
            "2": 0.014331712705638155,
            "3": 0.010052421467802386
          },
          "quota": {
            "2": 0.9997477075718304,
            "3": 0.9984270480816374
          }
        }
      },
      "decision": {
        "H": {
          "tariff": {
            "2": 0.013462395088095507,
            "3": 0.012929499563321185
          },
          "quota": {
            "2": 0.9853552723840717,
            "3": 1.0
          }
        },
        "F": {
          "tariff": {
            "2": 0.0286762893543947,
            "3": 0.02012108182499213
          },
          "quota": {
            "2": 0.9994967484272094,
            "3": 0.9968554693799706
          }
        }
      },
      "predicted": {
        "J_H_pred": -236.66955431803194,
        "J_F_pred": -267.57688517389767,
        "multi_start": 8,
        "best_idx": 5
      },
      "opt_time_s": 17.00252063998778,
      "payoff": {
        "H": -0.0032170834087854754,
        "F": -0.005927705445489782
      },
      "metrics": {
        "income_H": 0.00033188529098876664,
        "trade_balance_H": -1.5183072720795233e-06,
        "price_mean_H": 1.9149044473143662,
        "income_F": 0.0003218233765549651,
        "trade_balance_F": -4.325992355125919e-07,
        "price_mean_F": 1.8837549618162008
      }
    },
    {
      "round": 3,
      "prev": {
        "H": {
          "tariff": {
            "2": 0.013461381626713953,
            "3": 0.01292848663483448
          },
          "quota": {
            "2": 0.9853552723840717,
            "3": 1.0
          }
        },
        "F": {
          "tariff": {
            "2": 0.028675260679134063,
            "3": 0.020120061704930636
          },
          "quota": {
            "2": 0.9994967484272094,
            "3": 0.9968554693799706
          }
        }
      },
      "decision": {
        "H": {
          "tariff": {
            "2": 0.02018772531631613,
            "3": 0.019389136409178172
          },
          "quota": {
            "2": 0.9780341418573018,
            "3": 1.0
          }
        },
        "F": {
          "tariff": {
            "2": 0.043016776457758116,
            "3": 0.030189377398525067
          },
          "quota": {
            "2": 0.9992463075095677,
            "3": 0.9952844623976145
          }
        }
      },
      "predicted": {
        "J_H_pred": -227.94104658816693,
        "J_F_pred": -261.244372446935,
        "multi_start": 8,
        "best_idx": 5
      },
      "opt_time_s": 16.688363050008775,
      "payoff": {
        "H": -0.002676804965886868,
        "F": -0.0005666962908246552
      },
      "metrics": {
        "income_H": 0.0003338967444375205,
        "trade_balance_H": -1.6226033256422894e-06,
        "price_mean_H": 1.935680532849469,
        "income_F": 0.00032438162701942417,
        "trade_balance_F": -6.737516092697075e-07,
        "price_mean_F": 1.8979627923681175
      }
    },
    {
      "round": 4,
      "prev": {
        "H": {
          "tariff": {
            "2": 0.02018670512961096,
            "3": 0.019388117021061246
          },
          "quota": {
            "2": 0.9780341418573018,
            "3": 1.0
          }
        },
        "F": {
          "tariff": {
            "2": 0.043015733442024695,
            "3": 0.030188347210178046
          },
          "quota": {
            "2": 0.9992463075095677,
            "3": 0.9952844623976145
          }
        }
      },
      "decision": {
        "H": {
          "tariff": {
            "2": 0.0269143811980839,
            "3": 0.025850881491199008
          },
          "quota": {
            "2": 0.9707134410248419,
            "3": 1.0
          }
        },
        "F": {
          "tariff": {
            "2": 0.0573532344179333,
            "3": 0.040257387927429424
          },
          "quota": {
            "2": 0.9989961345379795,
            "3": 0.9937137805968453
          }
        }
      },
      "predicted": {
        "J_H_pred": -222.63300600626295,
        "J_F_pred": -254.5551305973325,
        "multi_start": 8,
        "best_idx": 5
      },
      "opt_time_s": 17.336163634012337,
      "payoff": {
        "H": -0.0021692474425265406,
        "F": -0.0008038180903232625
      },
      "metrics": {
        "income_H": 0.0003359284314250918,
        "trade_balance_H": -1.706619109994152e-06,
        "price_mean_H": 1.9535457454989278,
        "income_F": 0.0003267415746340427,
        "trade_balance_F": -8.417654882838182e-07,
        "price_mean_F": 1.91196605856482
      }
    },
    {
      "round": 5,
      "prev": {
        "H": {
          "tariff": {
            "2": 0.02691335428472974,
            "3": 0.025849855641343567
          },
          "quota": {
            "2": 0.9707134410248419,
            "3": 1.0
          }
        },
        "F": {
          "tariff": {
            "2": 0.05735217706575635,
            "3": 0.04025634767108199
          },
          "quota": {
            "2": 0.9989961345379795,
            "3": 0.9937137805968453
          }
        }
      },
      "decision": {
        "H": {
          "tariff": {
            "2": 0.03364210448448665,
            "3": 0.032314533791513375
          },
          "quota": {
            "2": 0.9633931516448526,
            "3": 1.0
          }
        },